Kode,Nama Perusahaan,Papan Pencatatan,Kategori
AALI,Astra Agro Lestari Tbk.,Utama,Perkebunan & Agrikultur
ABBA,Mahaka Media Tbk.,Pemantauan Khusus,Media & Hiburan
ABDA,Asuransi Bina Dana Arta Tbk.,Pengembangan,Asuransi
ABMM,ABM Investama Tbk.,Utama,Lainnya
ACES,Aspirasi Hidup Indonesia Tbk.,Utama,Lainnya
ACST,Acset Indonusa Tbk.,Pemantauan Khusus,Lainnya
ADES,Akasha Wira International Tbk.,Pemantauan Khusus,Lainnya
ADHI,Adhi Karya (Persero) Tbk.,Utama,Konstruksi & Bahan Bangunan
AISA,FKS Food Sejahtera Tbk.,Utama,Consumer Goods
AKKU,Anugerah Kagum Karya Utama Tbk,Pemantauan Khusus,Konstruksi & Bahan Bangunan
AKPI,Argha Karya Prima Industry Tbk,Pengembangan,Konstruksi & Bahan Bangunan
AKRA,AKR Corporindo Tbk.,Utama,Lainnya
AKSI,Mineral Sumberdaya Mandiri Tbk,Pengembangan,Lainnya
ALDO,Alkindo Naratama Tbk.,Utama,Lainnya
ALKA,Alakasa Industrindo Tbk,Pemantauan Khusus,Lainnya
ALMI,Alumindo Light Metal Industry,Pemantauan Khusus,Industri Dasar & Kimia
ALTO,Tri Banyan Tirta Tbk.,Pemantauan Khusus,Lainnya
AMAG,Asuransi Multi Artha Guna Tbk.,Utama,Asuransi
AMFG,Asahimas Flat Glass Tbk.,Pengembangan,Lainnya
AMIN,Ateliers Mecaniques D Indonesi,Pengembangan,Lainnya
AMRT,Sumber Alfaria Trijaya Tbk.,Utama,Ritel & Perdagangan
ANJT,Austindo Nusantara Jaya Tbk.,Pengembangan,Lainnya
ANTM,ANTAM (Persero) Tbk.,Utama,Lainnya
APEX,Apexindo Pratama Duta Tbk.,Pengembangan,Lainnya
APIC,Pacific Strategic Financial Tb,Pengembangan,Lainnya
APII,Arita Prima Indonesia Tbk.,Pengembangan,Lainnya
APLI,Asiaplast Industries Tbk.,Pengembangan,Lainnya
APLN,Agung Podomoro Land Tbk.,Utama,Properti & Real Estate
ARGO,Argo Pantes Tbk,Pengembangan,Lainnya
ARII,Atlas Resources Tbk.,Pengembangan,Energi & Pertambangan
ARNA,Arwana Citramulia Tbk.,Utama,Lainnya
ARTA,Arthavest Tbk,Pengembangan,Lainnya
ARTI,Ratu Prabu Energi Tbk,Pemantauan Khusus,Energi & Pertambangan
ARTO,Bank Jago Tbk.,Utama,Perbankan
ASBI,Asuransi Bintang Tbk.,Pengembangan,Asuransi
ASDM,Asuransi Dayin Mitra Tbk.,Pengembangan,Asuransi
ASGR,Astra Graphia Tbk.,Utama,Lainnya
ASII,Astra International Tbk.,Utama,Lainnya
ASJT,Asuransi Jasa Tania Tbk.,Pengembangan,Asuransi
ASMI,Asuransi Maximus Graha Persada,Pemantauan Khusus,Asuransi
ASRI,Alam Sutera Realty Tbk.,Utama,Properti & Real Estate
ASRM,Asuransi Ramayana Tbk.,Pengembangan,Asuransi
ASSA,Adi Sarana Armada Tbk.,Utama,Transportasi & Logistik
ATIC,Anabatic Technologies Tbk.,Pengembangan,Teknologi
AUTO,Astra Otoparts Tbk.,Utama,Otomotif
BABP,Bank MNC Internasional Tbk.,Pengembangan,Perbankan
BACA,Bank Capital Indonesia Tbk.,Utama,Perbankan
BAJA,Saranacentral Bajatama Tbk.,Pengembangan,Industri Dasar & Kimia
BALI,Bali Towerindo Sentra Tbk.,Utama,Infrastruktur & Telekomunikasi
BAPA,Bekasi Asri Pemula Tbk.,Pengembangan,Lainnya
BATA,Sepatu Bata Tbk.,Pemantauan Khusus,Lainnya
BAYU,Bayu Buana Tbk,Utama,Lainnya
BBCA,Bank Central Asia Tbk.,Utama,Perbankan
BBHI,Allo Bank Indonesia Tbk.,Utama,Perbankan
BBKP,Bank KB Indonesia Tbk.,Pengembangan,Perbankan
BBLD,Buana Finance Tbk.,Pengembangan,Pembiayaan & Sekuritas
BBMD,Bank Mestika Dharma Tbk.,Utama,Perbankan
BBNI,Bank Negara Indonesia (Persero,Utama,Perbankan
BBRI,Bank Rakyat Indonesia (Persero,Utama,Perbankan
BBRM,Pelayaran Nasional Bina Buana,Pengembangan,Transportasi & Logistik
BBTN,Bank Tabungan Negara (Persero),Utama,Perbankan
BBYB,Bank Neo Commerce Tbk.,Utama,Perbankan
BCAP,MNC Kapital Indonesia Tbk.,Utama,Pembiayaan & Sekuritas
BCIC,Bank JTrust Indonesia Tbk.,Pengembangan,Perbankan
BCIP,Bumi Citra Permai Tbk.,Pengembangan,Properti & Real Estate
BDMN,Bank Danamon Indonesia Tbk.,Utama,Perbankan
BEKS,Bank Pembangunan Daerah Banten,Pemantauan Khusus,Perbankan
BEST,Bekasi Fajar Industrial Estate,Utama,Properti & Real Estate
BFIN,BFI Finance  Indonesia Tbk.,Utama,Pembiayaan & Sekuritas
BGTG,Bank Ganesha Tbk.,Utama,Perbankan
BHIT,MNC Asia Holding Tbk.,Pemantauan Khusus,Lainnya
BIKA,Binakarya Jaya Abadi Tbk.,Pemantauan Khusus,Konstruksi & Bahan Bangunan
BIMA,Primarindo Asia Infrastructure,Pemantauan Khusus,Infrastruktur & Telekomunikasi
BINA,Bank Ina Perdana Tbk.,Utama,Perbankan
BIPI,Astrindo Nusantara Infrastrukt,Pengembangan,Lainnya
BIPP,Bhuwanatala Indah Permai Tbk.,Pengembangan,Properti & Real Estate
BIRD,Blue Bird Tbk.,Utama,Lainnya
BISI,BISI International Tbk.,Utama,Lainnya
BJBR,Bank Pembangunan Daerah Jawa B,Utama,Perbankan
BJTM,Bank Pembangunan Daerah Jawa T,Utama,Perbankan
BKDP,Bukit Darmo Property Tbk,Pengembangan,Properti & Real Estate
BKSL,Sentul City Tbk.,Utama,Properti & Real Estate
BKSW,Bank QNB Indonesia Tbk.,Pengembangan,Perbankan
BLTA,Berlian Laju Tanker Tbk,Pemantauan Khusus,Lainnya
BLTZ,Graha Layar Prima Tbk.,Pemantauan Khusus,Properti & Real Estate
BMAS,Bank Kasikorn Indonesia Tbk.,Pengembangan,Perbankan
BMRI,Bank Mandiri (Persero) Tbk.,Utama,Perbankan
BMSR,Bintang Mitra Semestaraya Tbk,Pengembangan,Lainnya
BMTR,Global Mediacom Tbk.,Utama,Media & Hiburan
BNBA,Bank Bumi Arta Tbk.,Pengembangan,Perbankan
BNBR,Bakrie & Brothers Tbk,Pengembangan,Lainnya
BNGA,Bank CIMB Niaga Tbk.,Utama,Perbankan
BNII,Bank Maybank Indonesia Tbk.,Utama,Perbankan
BNLI,Bank Permata Tbk.,Utama,Perbankan
BOLT,Garuda Metalindo Tbk.,Pengembangan,Industri Dasar & Kimia
BPFI,Woori Finance Indonesia Tbk.,Pengembangan,Pembiayaan & Sekuritas
BPII,Batavia Prosperindo Internasio,Pengembangan,Lainnya
BRAM,Indo Kordsa Tbk.,Pengembangan,Lainnya
BRMS,Bumi Resources Minerals Tbk.,Utama,Energi & Pertambangan
BRNA,Berlina Tbk.,Pengembangan,Lainnya
BRPT,Barito Pacific Tbk.,Utama,Lainnya
BSDE,Bumi Serpong Damai Tbk.,Utama,Lainnya
BSIM,Bank Sinarmas Tbk.,Utama,Perbankan
BSSR,Baramulti Suksessarana Tbk.,Utama,Energi & Pertambangan
BSWD,Bank Of India Indonesia Tbk.,Pemantauan Khusus,Perbankan
BTEK,Bumi Teknokultura Unggul Tbk,Pemantauan Khusus,Lainnya
BTEL,Bakrie Telecom Tbk.,Pemantauan Khusus,Infrastruktur & Telekomunikasi
BTON,Betonjaya Manunggal Tbk.,Pengembangan,Konstruksi & Bahan Bangunan
BTPN,Bank SMBC Indonesia Tbk.,Utama,Perbankan
BUDI,Budi Starch & Sweetener Tbk.,Utama,Lainnya
BUKK,Bukaka Teknik Utama Tbk.,Pengembangan,Lainnya
BULL,Buana Lintas Lautan Tbk.,Pengembangan,Lainnya
BUMI,Bumi Resources Tbk.,Utama,Energi & Pertambangan
BUVA,Bukit Uluwatu Villa Tbk.,Pengembangan,Lainnya
BVIC,Bank Victoria International Tb,Utama,Perbankan
BWPT,Eagle High Plantations Tbk.,Utama,Perkebunan & Agrikultur
BYAN,Bayan Resources Tbk.,Utama,Energi & Pertambangan
CANI,Capitol Nusantara Indonesia Tb,Pemantauan Khusus,Lainnya
CASS,Cahaya Aero Services Tbk.,Utama,Lainnya
CEKA,Wilmar Cahaya Indonesia Tbk.,Pengembangan,Lainnya
CENT,Centratama Telekomunikasi Indo,Pengembangan,Infrastruktur & Telekomunikasi
CFIN,Clipan Finance Indonesia Tbk.,Utama,Pembiayaan & Sekuritas
CINT,Chitose Internasional Tbk.,Pengembangan,Lainnya
CITA,Cita Mineral Investindo Tbk.,Utama,Lainnya
CLPI,Colorpak Indonesia Tbk.,Pengembangan,Lainnya
CMNP,Citra Marga Nusaphala Persada,Utama,Lainnya
CMPP,AirAsia Indonesia Tbk.,Pemantauan Khusus,Lainnya
CNKO,Exploitasi Energi Indonesia Tb,Pemantauan Khusus,Energi & Pertambangan
COWL,Cowell Development Tbk.,Pemantauan Khusus,Properti & Real Estate
CPIN,Charoen Pokphand Indonesia Tbk,Utama,Lainnya
CPRO,Central Proteina Prima Tbk.,Pengembangan,Lainnya
CSAP,Catur Sentosa Adiprana Tbk.,Pengembangan,Lainnya
CTBN,Citra Tubindo Tbk.,Pengembangan,Lainnya
CTRA,Ciputra Development Tbk.,Utama,Properti & Real Estate
CTTH,Citatah Tbk.,Pengembangan,Lainnya
DART,Duta Anggada Realty Tbk.,Pengembangan,Properti & Real Estate
DEFI,Danasupra Erapacific Tbk.,Pengembangan,Lainnya
DEWA,Darma Henwa Tbk,Utama,Lainnya
DGIK,Nusa Konstruksi Enjiniring Tbk,Pengembangan,Konstruksi & Bahan Bangunan
DILD,Intiland Development Tbk.,Utama,Properti & Real Estate
DKFT,Central Omega Resources Tbk.,Utama,Energi & Pertambangan
DLTA,Delta Djakarta Tbk.,Utama,Lainnya
DMAS,Puradelta Lestari Tbk.,Utama,Lainnya
DNAR,Bank Oke Indonesia Tbk.,Pengembangan,Perbankan
DNET,Indoritel Makmur Internasional,Utama,Lainnya
DOID,BUMA Internasional Grup Tbk.,Pengembangan,Lainnya
DPNS,Duta Pertiwi Nusantara Tbk.,Pengembangan,Lainnya
DSFI,Dharma Samudera Fishing Indust,Pengembangan,Lainnya
DSNG,Dharma Satya Nusantara Tbk.,Utama,Lainnya
DSSA,Dian Swastatika Sentosa Tbk,Utama,Lainnya
DUTI,Duta Pertiwi Tbk,Pemantauan Khusus,Lainnya
DVLA,Darya-Varia Laboratoria Tbk.,Pengembangan,Lainnya
DYAN,Dyandra Media International Tb,Pengembangan,Media & Hiburan
ECII,Electronic City Indonesia Tbk.,Pengembangan,Properti & Real Estate
EKAD,Ekadharma International Tbk.,Pengembangan,Lainnya
ELSA,Elnusa Tbk.,Utama,Lainnya
ELTY,Bakrieland Development Tbk.,Pemantauan Khusus,Properti & Real Estate
EMDE,Megapolitan Developments Tbk.,Pengembangan,Properti & Real Estate
EMTK,Elang Mahkota Teknologi Tbk.,Utama,Teknologi
ENRG,Energi Mega Persada Tbk.,Utama,Energi & Pertambangan
EPMT,Enseval Putera Megatrading Tbk,Utama,Ritel & Perdagangan
ERAA,Erajaya Swasembada Tbk.,Utama,Lainnya
ERTX,Eratex Djaja Tbk.,Pengembangan,Lainnya
ESSA,ESSA Industries Indonesia Tbk.,Utama,Lainnya
ESTI,Ever Shine Tex Tbk.,Pengembangan,Lainnya
ETWA,Eterindo Wahanatama Tbk,Pemantauan Khusus,Lainnya
EXCL,XLSMART Telecom Sejahtera Tbk.,Utama,Infrastruktur & Telekomunikasi
FAST,Fast Food Indonesia Tbk.,Pengembangan,Consumer Goods
FASW,Fajar Surya Wisesa Tbk.,Pemantauan Khusus,Lainnya
FISH,FKS Multi Agro Tbk.,Utama,Perkebunan & Agrikultur
FMII,Fortune Mate Indonesia Tbk,Pengembangan,Lainnya
FORU,Fortune Indonesia Tbk,Pengembangan,Lainnya
FPNI,Lotte Chemical Titan Tbk.,Pengembangan,Industri Dasar & Kimia
GAMA,Aksara Global Development Tbk.,Pemantauan Khusus,Properti & Real Estate
GDST,Gunawan Dianjaya Steel Tbk.,Pengembangan,Industri Dasar & Kimia
GDYR,Goodyear Indonesia Tbk.,Pengembangan,Lainnya
GEMA,Gema Grahasarana Tbk.,Pengembangan,Properti & Real Estate
GEMS,Golden Energy Mines Tbk.,Utama,Energi & Pertambangan
GGRM,Gudang Garam Tbk.,Utama,Consumer Goods
GIAA,Garuda Indonesia (Persero) Tbk,Pengembangan,Lainnya
GJTL,Gajah Tunggal Tbk.,Utama,Lainnya
GLOB,Globe Kita Terang Tbk.,Pemantauan Khusus,Lainnya
GMTD,Gowa Makassar Tourism Developm,Pengembangan,Lainnya
GOLD,Visi Telekomunikasi Infrastruk,Pengembangan,Infrastruktur & Telekomunikasi
GOLL,Golden Plantation Tbk.,Pemantauan Khusus,Perkebunan & Agrikultur
GPRA,Perdana Gapuraprima Tbk.,Pengembangan,Lainnya
GSMF,Equity Development Investment,Pengembangan,Properti & Real Estate
GTBO,Garda Tujuh Buana Tbk,Pengembangan,Lainnya
GWSA,Greenwood Sejahtera Tbk.,Pengembangan,Lainnya
GZCO,Gozco Plantations Tbk.,Utama,Perkebunan & Agrikultur
HADE,Himalaya Energi Perkasa Tbk.,Pemantauan Khusus,Energi & Pertambangan
HDFA,Radana Bhaskara Finance Tbk.,Pengembangan,Pembiayaan & Sekuritas
HERO,DFI Retail Nusantara Tbk.,Utama,Ritel & Perdagangan
HEXA,Hexindo Adiperkasa Tbk.,Utama,Lainnya
HITS,Humpuss Intermoda Transportasi,Pemantauan Khusus,Transportasi & Logistik
HMSP,H.M. Sampoerna Tbk.,Utama,Consumer Goods
HOME,Hotel Mandarine Regency Tbk.,Pemantauan Khusus,Lainnya
HOTL,Saraswati Griya Lestari Tbk.,Pemantauan Khusus,Lainnya
HRUM,Harum Energy Tbk.,Utama,Energi & Pertambangan
IATA,Karya Pacific Energy Tbk.,Pengembangan,Energi & Pertambangan
IBFN,Intan Baru Prana Tbk.,Pemantauan Khusus,Lainnya
IBST,Inti Bangun Sejahtera Tbk.,Pemantauan Khusus,Konstruksi & Bahan Bangunan
ICBP,Indofood CBP Sukses Makmur Tbk,Utama,Consumer Goods
ICON,Island Concepts Indonesia Tbk.,Pengembangan,Properti & Real Estate
IGAR,Champion Pacific Indonesia Tbk,Pengembangan,Lainnya
IIKP,Inti Agri Resources Tbk,Pemantauan Khusus,Energi & Pertambangan
IKAI,Intikeramik Alamasri Industri,Pemantauan Khusus,Lainnya
IKBI,Sumi Indo Kabel Tbk.,Pengembangan,Lainnya
IMAS,Indomobil Sukses Internasional,Utama,Lainnya
IMJS,Indomobil Multi Jasa Tbk.,Pengembangan,Lainnya
IMPC,Impack Pratama Industri Tbk.,Utama,Lainnya
INAF,Indofarma Tbk.,Pemantauan Khusus,Farmasi & Kesehatan
INAI,Indal Aluminium Industry Tbk.,Pengembangan,Lainnya
INCI,Intanwijaya Internasional Tbk,Pengembangan,Konstruksi & Bahan Bangunan
INCO,Vale Indonesia Tbk.,Utama,Lainnya
INDF,Indofood Sukses Makmur Tbk.,Utama,Consumer Goods
INDR,Indo-Rama Synthetics Tbk.,Pengembangan,Lainnya
INDS,Indospring Tbk.,Pengembangan,Lainnya
INDX,Tanah Laut Tbk,Pengembangan,Lainnya
INDY,Indika Energy Tbk.,Utama,Energi & Pertambangan
INKP,Indah Kiat Pulp & Paper Tbk.,Utama,Industri Dasar & Kimia
INPC,Bank Artha Graha Internasional,Utama,Perbankan
INPP,Indonesian Paradise Property T,Pengembangan,Properti & Real Estate
INRU,Toba Pulp Lestari Tbk.,Pemantauan Khusus,Lainnya
INTA,Intraco Penta Tbk.,Pemantauan Khusus,Lainnya
INTD,Inter Delta Tbk,Pengembangan,Lainnya
INTP,Indocement Tunggal Prakarsa Tb,Utama,Konstruksi & Bahan Bangunan
IPOL,Indopoly Swakarsa Industry Tbk,Pengembangan,Lainnya
ISAT,Indosat Tbk.,Utama,Lainnya
ISSP,Steel Pipe Industry of Indones,Utama,Industri Dasar & Kimia
ITMA,Sumber Energi Andalan Tbk.,Pengembangan,Energi & Pertambangan
ITMG,Indo Tambangraya Megah Tbk.,Utama,Energi & Pertambangan
JAWA,Jaya Agra Wattie Tbk.,Pengembangan,Lainnya
JECC,Jembo Cable Company Tbk.,Pengembangan,Lainnya
JIHD,Jakarta International Hotels &,Utama,Lainnya
JKON,Jaya Konstruksi Manggala Prata,Utama,Konstruksi & Bahan Bangunan
JPFA,Japfa Comfeed Indonesia Tbk.,Utama,Lainnya
JRPT,Jaya Real Property Tbk.,Utama,Properti & Real Estate
JSMR,Jasa Marga (Persero) Tbk.,Utama,Lainnya
JSPT,Jakarta Setiabudi Internasiona,Utama,Lainnya
JTPE,Jasuindo Tiga Perkasa Tbk.,Utama,Lainnya
KAEF,Kimia Farma (Persero) Tbk.,Pengembangan,Farmasi & Kesehatan
KARW,Meratus Jasa Prima Tbk.,Pemantauan Khusus,Lainnya
KBLI,KMI Wire & Cable Tbk.,Utama,Lainnya
KBLM,Kabelindo Murni Tbk.,Pengembangan,Lainnya
KBLV,First Media Tbk.,Pengembangan,Media & Hiburan
KBRI,Kertas Basuki Rachmat Indonesi,Pemantauan Khusus,Industri Dasar & Kimia
KDSI,Kedawung Setia Industrial Tbk.,Pengembangan,Lainnya
KIAS,Keramika Indonesia Assosiasi T,Pemantauan Khusus,Lainnya
KICI,Kedaung Indah Can Tbk,Pengembangan,Lainnya
KIJA,Kawasan Industri Jababeka Tbk.,Utama,Properti & Real Estate
KKGI,Resource Alam Indonesia Tbk.,Utama,Lainnya
KLBF,Kalbe Farma Tbk.,Utama,Farmasi & Kesehatan
KOBX,Kobexindo Tractors Tbk.,Pengembangan,Lainnya
KOIN,Kokoh Inti Arebama Tbk,Pemantauan Khusus,Lainnya
KONI,Perdana Bangun Pusaka Tbk,Pengembangan,Konstruksi & Bahan Bangunan
KOPI,Mitra Energi Persada Tbk.,Pengembangan,Energi & Pertambangan
KPIG,MNC Tourism Indonesia Tbk.,Utama,Lainnya
KRAS,Krakatau Steel (Persero) Tbk.,Pengembangan,Industri Dasar & Kimia
KREN,Quantum Clovera Investama Tbk.,Pemantauan Khusus,Lainnya
LAPD,Leyand International Tbk.,Pengembangan,Lainnya
LCGP,Eureka Prima Jakarta Tbk.,Pemantauan Khusus,Lainnya
LEAD,Logindo Samudramakmur Tbk.,Pengembangan,Lainnya
LINK,Link Net Tbk.,Pengembangan,Lainnya
LION,Lion Metal Works Tbk.,Pengembangan,Industri Dasar & Kimia
LMAS,Limas Indonesia Makmur Tbk,Pemantauan Khusus,Lainnya
LMPI,Langgeng Makmur Industri Tbk.,Pengembangan,Lainnya
LMSH,Lionmesh Prima Tbk.,Pemantauan Khusus,Lainnya
LPCK,Lippo Cikarang Tbk,Utama,Lainnya
LPGI,Lippo General Insurance Tbk.,Pengembangan,Asuransi
LPIN,Multi Prima Sejahtera Tbk,Pengembangan,Lainnya
LPKR,Lippo Karawaci Tbk.,Utama,Lainnya
LPLI,Star Pacific Tbk,Pengembangan,Lainnya
LPPF,MDS Retailing Tbk.,Utama,Ritel & Perdagangan
LPPS,Lenox Pasifik Investama Tbk.,Pengembangan,Lainnya
LRNA,Eka Sari Lorena Transport Tbk.,Pengembangan,Lainnya
LSIP,PP London Sumatra Indonesia Tb,Utama,Lainnya
LTLS,Lautan Luas Tbk.,Utama,Lainnya
MAGP,Multi Agro Gemilang Plantation,Pemantauan Khusus,Perkebunan & Agrikultur
MAIN,Malindo Feedmill Tbk.,Utama,Lainnya
MAPI,Mitra Adiperkasa Tbk.,Utama,Lainnya
MAYA,Bank Mayapada Internasional Tb,Utama,Perbankan
MBAP,Mitrabara Adiperdana Tbk.,Pengembangan,Energi & Pertambangan
MBSS,Mitrabahtera Segara Sejati Tbk,Utama,Lainnya
MBTO,Martina Berto Tbk.,Pengembangan,Ritel & Perdagangan
MCOR,Bank China Construction Bank I,Utama,Perbankan
MDIA,Intermedia Capital Tbk.,Pengembangan,Pembiayaan & Sekuritas
MDKA,Merdeka Copper Gold Tbk.,Utama,Lainnya
MDLN,Modernland Realty Tbk.,Pengembangan,Properti & Real Estate
MDRN,Modern Internasional Tbk.,Pemantauan Khusus,Lainnya
MEDC,Medco Energi Internasional Tbk,Utama,Energi & Pertambangan
MEGA,Bank Mega Tbk.,Utama,Perbankan
MERK,Merck Tbk.,Utama,Lainnya
META,Nusantara Infrastructure Tbk.,Pengembangan,Infrastruktur & Telekomunikasi
MFMI,Multifiling Mitra Indonesia Tb,Pemantauan Khusus,Lainnya
MGNA,Magna Investama Mandiri Tbk.,Pengembangan,Lainnya
MICE,Multi Indocitra Tbk.,Pengembangan,Lainnya
MIDI,Midi Utama Indonesia Tbk.,Utama,Lainnya
MIKA,Mitra Keluarga Karyasehat Tbk.,Utama,Konstruksi & Bahan Bangunan
MIRA,Mitra International Resources,Pemantauan Khusus,Energi & Pertambangan
MITI,Mitra Investindo Tbk.,Pengembangan,Lainnya
MKPI,Metropolitan Kentjana Tbk.,Pengembangan,Lainnya
MLBI,Multi Bintang Indonesia Tbk.,Utama,Lainnya
MLIA,Mulia Industrindo Tbk,Pemantauan Khusus,Lainnya
MLPL,Multipolar Tbk.,Utama,Lainnya
MLPT,Multipolar Technology Tbk.,Pengembangan,Teknologi
MMLP,Mega Manunggal Property Tbk.,Pengembangan,Properti & Real Estate
MNCN,Media Nusantara Citra Tbk.,Utama,Media & Hiburan
MPMX,Mitra Pinasthika Mustika Tbk.,Utama,Lainnya
MPPA,Matahari Putra Prima Tbk.,Pemantauan Khusus,Lainnya
MRAT,Mustika Ratu Tbk.,Pengembangan,Lainnya
MREI,Maskapai Reasuransi Indonesia,Pengembangan,Asuransi
MSKY,MNC Sky Vision Tbk.,Pengembangan,Lainnya
MTDL,Metrodata Electronics Tbk.,Utama,Teknologi
MTFN,Capitalinc Investment Tbk.,Pemantauan Khusus,Pembiayaan & Sekuritas
MTLA,Metropolitan Land Tbk.,Utama,Properti & Real Estate
MTSM,Metro Realty Tbk.,Pemantauan Khusus,Properti & Real Estate
MYOH,Samindo Resources Tbk.,Pengembangan,Energi & Pertambangan
MYOR,Mayora Indah Tbk.,Utama,Consumer Goods
MYTX,Asia Pacific Investama Tbk.,Pemantauan Khusus,Lainnya
NELY,Pelayaran Nelly Dwi Putri Tbk.,Pengembangan,Transportasi & Logistik
NIKL,Pelat Timah Nusantara Tbk.,Pengembangan,Energi & Pertambangan
NIRO,City Retail Developments Tbk.,Pengembangan,Properti & Real Estate
NISP,Bank OCBC NISP Tbk.,Utama,Perbankan
NOBU,Bank Nationalnobu Tbk.,Utama,Perbankan
NRCA,Nusa Raya Cipta Tbk.,Pengembangan,Lainnya
OCAP,Onix Capital Tbk.,Pemantauan Khusus,Pembiayaan & Sekuritas
OKAS,Ancora Indonesia Resources Tbk,Pengembangan,Energi & Pertambangan
OMRE,Indonesia Prima Property Tbk,Pengembangan,Properti & Real Estate
PADI,Minna Padi Investama Sekuritas,Utama,Pembiayaan & Sekuritas
PALM,Provident Investasi Bersama Tb,Utama,Lainnya
PANR,Panorama Sentrawisata Tbk.,Pengembangan,Lainnya
PANS,Panin Sekuritas Tbk.,Utama,Pembiayaan & Sekuritas
PBRX,Pan Brothers Tbk.,Pemantauan Khusus,Lainnya
PDES,Destinasi Tirta Nusantara Tbk,Pengembangan,Lainnya
PEGE,Panca Global Kapital Tbk.,Pengembangan,Pembiayaan & Sekuritas
PGAS,Perusahaan Gas Negara (Persero,Utama,Energi & Pertambangan
PGLI,Pembangunan Graha Lestari Inda,Pengembangan,Properti & Real Estate
PICO,Pelangi Indah Canindo Tbk,Pengembangan,Lainnya
PJAA,Pembangunan Jaya Ancol Tbk.,Pengembangan,Konstruksi & Bahan Bangunan
PKPK,Paragon Karya Perkasa Tbk.,Pengembangan,Konstruksi & Bahan Bangunan
PLAS,Polaris Investama Tbk,Pemantauan Khusus,Lainnya
PLIN,Plaza Indonesia Realty Tbk.,Pemantauan Khusus,Properti & Real Estate
PNBN,Bank Pan Indonesia Tbk,Utama,Perbankan
PNBS,Bank Panin Dubai Syariah Tbk.,Pengembangan,Perbankan
PNIN,Paninvest Tbk.,Utama,Lainnya
PNLF,Panin Financial Tbk.,Utama,Lainnya
PSAB,J Resources Asia Pasifik Tbk.,Pengembangan,Energi & Pertambangan
PSDN,Prasidha Aneka Niaga Tbk,Pengembangan,Ritel & Perdagangan
PSKT,Red Planet Indonesia Tbk.,Pengembangan,Lainnya
PTBA,Bukit Asam (Persero) Tbk.,Utama,Lainnya
PTIS,Indo Straits Tbk.,Pengembangan,Lainnya
PTPP,PP (Persero) Tbk.,Utama,Lainnya
PTRO,Petrosea Tbk.,Utama,Lainnya
PTSN,Sat Nusapersada Tbk,Pengembangan,Lainnya
PTSP,Pioneerindo Gourmet Internatio,Pengembangan,Lainnya
PUDP,Pudjiadi Prestige Tbk.,Pengembangan,Lainnya
PWON,Pakuwon Jati Tbk.,Utama,Lainnya
PYFA,Pyridam Farma Tbk,Pengembangan,Farmasi & Kesehatan
RAJA,Rukun Raharja Tbk.,Utama,Lainnya
RALS,Ramayana Lestari Sentosa Tbk.,Utama,Lainnya
RANC,Supra Boga Lestari Tbk.,Pengembangan,Lainnya
RBMS,Ristia Bintang Mahkotasejati T,Pengembangan,Lainnya
RDTX,Roda Vivatex Tbk,Pengembangan,Lainnya
RELI,Reliance Sekuritas Indonesia T,Pengembangan,Pembiayaan & Sekuritas
RICY,Ricky Putra Globalindo Tbk,Pengembangan,Lainnya
RIGS,Rig Tenders Indonesia Tbk.,Pengembangan,Lainnya
RIMO,Rimo International Lestari Tbk,Pemantauan Khusus,Lainnya
RODA,Pikko Land Development Tbk.,Pengembangan,Properti & Real Estate
ROTI,Nippon Indosari Corpindo Tbk.,Pengembangan,Lainnya
RUIS,Radiant Utama Interinsco Tbk.,Pengembangan,Lainnya
SAFE,Steady Safe Tbk,Pengembangan,Lainnya
SAME,Sarana Meditama Metropolitan T,Utama,Lainnya
SCCO,Supreme Cable Manufacturing &,Pengembangan,Lainnya
SCMA,Surya Citra Media Tbk.,Utama,Media & Hiburan
SCPI,Organon Pharma Indonesia Tbk.,Pemantauan Khusus,Farmasi & Kesehatan
SDMU,Sidomulyo Selaras Tbk.,Pengembangan,Lainnya
SDPC,Millennium Pharmacon Internati,Pengembangan,Farmasi & Kesehatan
SDRA,Bank Woori Saudara Indonesia 1,Pengembangan,Perbankan
SGRO,Prime Agri Resources Tbk.,Utama,Energi & Pertambangan
SHID,Hotel Sahid Jaya International,Pengembangan,Lainnya
SIDO,Industri Jamu dan Farmasi Sido,Utama,Farmasi & Kesehatan
SILO,Siloam International Hospitals,Utama,Farmasi & Kesehatan
SIMA,Siwani Makmur Tbk,Pemantauan Khusus,Lainnya
SIMP,Salim Ivomas Pratama Tbk.,Utama,Lainnya
SIPD,Sreeya Sewu Indonesia Tbk.,Pengembangan,Lainnya
SKBM,Sekar Bumi Tbk.,Pengembangan,Lainnya
SKLT,Sekar Laut Tbk.,Pengembangan,Lainnya
SKYB,Northcliff Citranusa Indonesia,Pemantauan Khusus,Lainnya
SMAR,Sinar Mas Agro Resources and T,Utama,Energi & Pertambangan
SMBR,Semen Baturaja (Persero) Tbk.,Utama,Konstruksi & Bahan Bangunan
SMCB,Solusi Bangun Indonesia Tbk.,Pemantauan Khusus,Konstruksi & Bahan Bangunan
SMDM,Suryamas Dutamakmur Tbk.,Pengembangan,Lainnya
SMDR,Samudera Indonesia  Tbk.,Utama,Lainnya
SMGR,Semen Indonesia (Persero) Tbk.,Utama,Konstruksi & Bahan Bangunan
SMMA,Sinarmas Multiartha Tbk.,Pengembangan,Lainnya
SMMT,Golden Eagle Energy Tbk.,Pengembangan,Energi & Pertambangan
SMRA,Summarecon Agung Tbk.,Utama,Lainnya
SMRU,SMR Utama Tbk.,Pemantauan Khusus,Lainnya
SMSM,Selamat Sempurna Tbk.,Utama,Lainnya
SOCI,Soechi Lines Tbk.,Pengembangan,Lainnya
SONA,Sona Topas Tourism Industry Tb,Pemantauan Khusus,Lainnya
SPMA,Suparma Tbk.,Pengembangan,Lainnya
SQMI,Wilton Makmur Indonesia Tbk.,Pengembangan,Lainnya
SRAJ,Sejahteraraya Anugrahjaya Tbk.,Pengembangan,Lainnya
SRIL,Sri Rejeki Isman Tbk.,Pemantauan Khusus,Lainnya
SRSN,Indo Acidatama Tbk,Pengembangan,Teknologi
SRTG,Saratoga Investama Sedaya Tbk.,Utama,Lainnya
SSIA,Surya Semesta Internusa Tbk.,Utama,Lainnya
SSMS,Sawit Sumbermas Sarana Tbk.,Utama,Perkebunan & Agrikultur
SSTM,Sunson Textile Manufacture Tbk,Pengembangan,Industri Dasar & Kimia
STAR,Calculus Global Ventures Tbk.,Pengembangan,Lainnya
STTP,Siantar Top Tbk.,Pengembangan,Lainnya
SUGI,Sugih Energy Tbk.,Pemantauan Khusus,Energi & Pertambangan
SULI,SLJ Global Tbk.,Pengembangan,Lainnya
SUPR,Solusi Tunas Pratama Tbk.,Pemantauan Khusus,Lainnya
TALF,Tunas Alfin Tbk.,Pengembangan,Lainnya
TARA,Agung Semesta Sejahtera Tbk.,Pemantauan Khusus,Lainnya
TAXI,Express Transindo Utama Tbk.,Pemantauan Khusus,Transportasi & Logistik
TBIG,Tower Bersama Infrastructure T,Utama,Infrastruktur & Telekomunikasi
TBLA,Tunas Baru Lampung Tbk.,Utama,Lainnya
TBMS,Tembaga Mulia Semanan Tbk.,Pengembangan,Lainnya
TCID,Mandom Indonesia Tbk.,Pengembangan,Lainnya
TELE,Omni Inovasi Indonesia Tbk.,Pemantauan Khusus,Lainnya
TFCO,Tifico Fiber Indonesia Tbk.,Pemantauan Khusus,Lainnya
TGKA,Tigaraksa Satria Tbk.,Pengembangan,Lainnya
TIFA,KDB Tifa Finance Tbk.,Pengembangan,Pembiayaan & Sekuritas
TINS,TIMAH (Persero) Tbk.,Utama,Energi & Pertambangan
TIRA,Tira Austenite Tbk,Pengembangan,Lainnya
TIRT,Tirta Mahakam Resources Tbk,Pemantauan Khusus,Energi & Pertambangan
TKIM,Pabrik Kertas Tjiwi Kimia Tbk.,Utama,Industri Dasar & Kimia
TLKM,Telkom Indonesia (Persero) Tbk,Utama,Lainnya
TMAS,Temas Tbk.,Utama,Lainnya
TMPO,Tempo Intimedia Tbk.,Pengembangan,Media & Hiburan
TOBA,TBS Energi Utama Tbk.,Utama,Energi & Pertambangan
TOTL,Total Bangun Persada Tbk.,Utama,Konstruksi & Bahan Bangunan
TOTO,Surya Toto Indonesia Tbk.,Utama,Lainnya
TOWR,Sarana Menara Nusantara Tbk.,Utama,Lainnya
TPIA,Chandra Asri Pacific Tbk.,Utama,Lainnya
TPMA,Trans Power Marine Tbk.,Utama,Infrastruktur & Telekomunikasi
TRAM,Trada Alam Minera Tbk.,Pemantauan Khusus,Lainnya
TRIL,Triwira Insanlestari Tbk.,Pemantauan Khusus,Lainnya
TRIM,Trimegah Sekuritas Indonesia T,Utama,Pembiayaan & Sekuritas
TRIO,Trikomsel Oke Tbk.,Pemantauan Khusus,Lainnya
TRIS,Trisula International Tbk.,Pengembangan,Lainnya
TRST,Trias Sentosa Tbk.,Pengembangan,Lainnya
TRUS,Trust Finance Indonesia Tbk,Pengembangan,Pembiayaan & Sekuritas
TSPC,Tempo Scan Pacific Tbk.,Utama,Lainnya
ULTJ,Ultrajaya Milk Industry & Trad,Utama,Lainnya
UNIC,Unggul Indah Cahaya Tbk.,Utama,Lainnya
UNIT,Nusantara Inti Corpora Tbk,Pengembangan,Lainnya
UNSP,Bakrie Sumatera Plantations Tb,Pemantauan Khusus,Perkebunan & Agrikultur
UNTR,United Tractors Tbk.,Utama,Lainnya
UNVR,Unilever Indonesia Tbk.,Utama,Consumer Goods
VICO,Victoria Investama Tbk.,Utama,Lainnya
VINS,Victoria Insurance Tbk.,Pengembangan,Asuransi
VIVA,Visi Media Asia Tbk.,Pemantauan Khusus,Media & Hiburan
VOKS,Voksel Electric Tbk.,Pengembangan,Infrastruktur & Telekomunikasi
VRNA,Mizuho Leasing Indonesia Tbk.,Pengembangan,Pembiayaan & Sekuritas
WAPO,Wahana Pronatural Tbk.,Pengembangan,Lainnya
WEHA,WEHA Transportasi Indonesia Tb,Pengembangan,Transportasi & Logistik
WICO,Wicaksana Overseas Internation,Pemantauan Khusus,Lainnya
WIIM,Wismilak Inti Makmur Tbk.,Utama,Lainnya
WIKA,Wijaya Karya (Persero) Tbk.,Pemantauan Khusus,Konstruksi & Bahan Bangunan
WINS,Wintermar Offshore Marine Tbk.,Utama,Lainnya
WOMF,Wahana Ottomitra Multiartha Tb,Pengembangan,Lainnya
WSKT,Waskita Karya (Persero) Tbk.,Pemantauan Khusus,Konstruksi & Bahan Bangunan
WTON,Wijaya Karya Beton Tbk.,Utama,Konstruksi & Bahan Bangunan
YPAS,Yanaprima Hastapersada Tbk,Pengembangan,Lainnya
YULE,Yulie Sekuritas Indonesia Tbk.,Pengembangan,Pembiayaan & Sekuritas
ZBRA,Dosni Roha Indonesia Tbk.,Pemantauan Khusus,Lainnya
SHIP,Sillo Maritime Perdana Tbk.,Utama,Lainnya
CASA,Capital Financial Indonesia Tb,Pengembangan,Pembiayaan & Sekuritas
DAYA,Duta Intidaya Tbk.,Pengembangan,Lainnya
DPUM,Dua Putra Utama Makmur Tbk.,Pengembangan,Lainnya
IDPR,Indonesia Pondasi Raya Tbk.,Pengembangan,Lainnya
JGLE,Graha Andrasentra Propertindo,Pengembangan,Properti & Real Estate
KINO,Kino Indonesia Tbk.,Pengembangan,Lainnya
MARI,Mahaka Radio Integra Tbk.,Pemantauan Khusus,Lainnya
MKNT,Mitra Komunikasi Nusantara Tbk,Pemantauan Khusus,Teknologi
MTRA,Mitra Pemuda Tbk.,Pemantauan Khusus,Lainnya
OASA,Maharaksa Biru Energi Tbk.,Pengembangan,Energi & Pertambangan
POWR,Cikarang Listrindo Tbk.,Utama,Lainnya
INCF,Indo Komoditi Korpora Tbk.,Pemantauan Khusus,Lainnya
WSBP,Waskita Beton Precast Tbk.,Pemantauan Khusus,Konstruksi & Bahan Bangunan
PBSA,Paramita Bangun Sarana Tbk.,Pengembangan,Konstruksi & Bahan Bangunan
PRDA,Prodia Widyahusada Tbk.,Utama,Lainnya
BOGA,Apollo Global Interactive Tbk.,Pengembangan,Lainnya
BRIS,Bank Syariah Indonesia (Perser,Utama,Perbankan
PORT,Nusantara Pelabuhan Handal Tbk,Utama,Lainnya
CARS,Industri dan Perdagangan Bintr,Utama,Ritel & Perdagangan
MINA,Sanurhasta Mitra Tbk.,Pengembangan,Lainnya
CLEO,Sariguna Primatirta Tbk.,Utama,Lainnya
TAMU,Pelayaran Tamarin Samudra Tbk.,Pemantauan Khusus,Transportasi & Logistik
CSIS,Cahayasakti Investindo Sukses,Pengembangan,Lainnya
TGRA,Terregra Asia Energy Tbk.,Pemantauan Khusus,Energi & Pertambangan
FIRE,Alfa Energi Investama Tbk.,Pengembangan,Energi & Pertambangan
TOPS,Totalindo Eka Persada Tbk.,Pemantauan Khusus,Lainnya
KMTR,Kirana Megatara Tbk.,Pengembangan,Lainnya
ARMY,Armidian Karyatama Tbk.,Pemantauan Khusus,Konstruksi & Bahan Bangunan
MAPB,MAP Boga Adiperkasa Tbk.,Pemantauan Khusus,Lainnya
WOOD,Integra Indocabinet Tbk.,Utama,Lainnya
HRTA,Hartadinata Abadi Tbk.,Utama,Lainnya
MABA,Marga Abhinaya Abadi Tbk.,Pemantauan Khusus,Lainnya
HOKI,Buyung Poetra Sembada Tbk.,Pengembangan,Lainnya
MPOW,Megapower Makmur Tbk.,Pengembangan,Infrastruktur & Telekomunikasi
MARK,Mark Dynamics Indonesia Tbk.,Utama,Lainnya
NASA,Andalan Perkasa Abadi Tbk.,Pemantauan Khusus,Lainnya
MDKI,Emdeki Utama Tbk.,Pengembangan,Lainnya
BELL,Trisula Textile Industries Tbk,Pengembangan,Industri Dasar & Kimia
KIOS,Kioson Komersial Indonesia Tbk,Pengembangan,Lainnya
GMFI,Garuda Maintenance Facility Ae,Pengembangan,Lainnya
MTWI,Malacca Trust Wuwungan Insuran,Pengembangan,Lainnya
ZINC,Kapuas Prima Coal Tbk.,Pemantauan Khusus,Energi & Pertambangan
MCAS,M Cash Integrasi Tbk.,Pengembangan,Lainnya
PPRE,PP Presisi Tbk.,Pengembangan,Lainnya
WEGE,Wijaya Karya Bangunan Gedung T,Pengembangan,Konstruksi & Bahan Bangunan
PSSI,IMC Pelita Logistik Tbk.,Utama,Transportasi & Logistik
MORA,Ekamas Mora Republik Tbk.,Utama,Lainnya
DWGL,Dwi Guna Laksana Tbk.,Pengembangan,Lainnya
PBID,Panca Budi Idaman Tbk.,Utama,Lainnya
JMAS,Asuransi Jiwa Syariah Jasa Mit,Pengembangan,Asuransi
CAMP,Campina Ice Cream Industry Tbk,Pengembangan,Lainnya
IPCM,Jasa Armada Indonesia Tbk.,Utama,Transportasi & Logistik
PCAR,Prima Cakrawala Abadi Tbk.,Pemantauan Khusus,Lainnya
LCKM,LCK Global Kedaton Tbk.,Pengembangan,Lainnya
BOSS,Borneo Olah Sarana Sukses Tbk.,Pemantauan Khusus,Lainnya
HELI,Jaya Trishindo Tbk.,Pengembangan,Lainnya
JSKY,Sky Energy Indonesia Tbk.,Pemantauan Khusus,Energi & Pertambangan
INPS,Indah Prakasa Sentosa Tbk.,Pemantauan Khusus,Lainnya
GHON,Gihon Telekomunikasi Indonesia,Pengembangan,Infrastruktur & Telekomunikasi
TDPM,Tianrong Chemicals Industry Tb,Pemantauan Khusus,Industri Dasar & Kimia
DFAM,Dafam Property Indonesia Tbk.,Pengembangan,Properti & Real Estate
NICK,Charnic Capital Tbk.,Pengembangan,Pembiayaan & Sekuritas
BTPS,Bank BTPN Syariah Tbk.,Utama,Perbankan
SPTO,Surya Pertiwi Tbk.,Utama,Lainnya
PRIM,Royal Prima Tbk.,Pengembangan,Lainnya
HEAL,Medikaloka Hermina Tbk.,Utama,Farmasi & Kesehatan
TRUK,Guna Timur Raya Tbk.,Pengembangan,Lainnya
PZZA,Sarimelati Kencana Tbk.,Pengembangan,Lainnya
TUGU,Asuransi Tugu Pratama Indonesi,Utama,Asuransi
MSIN,MNC Digital Entertainment Tbk.,Utama,Media & Hiburan
SWAT,Sriwahana Adityakarta Tbk.,Pemantauan Khusus,Lainnya
TNCA,Trimuda Nuansa Citra Tbk.,Pengembangan,Lainnya
MAPA,Map Aktif Adiperkasa Tbk.,Utama,Lainnya
TCPI,Transcoal Pacific Tbk.,Pengembangan,Energi & Pertambangan
IPCC,Indonesia Kendaraan Terminal T,Utama,Lainnya
RISE,Jaya Sukses Makmur Sentosa Tbk,Pengembangan,Lainnya
BPTR,Batavia Prosperindo Trans Tbk.,Pengembangan,Lainnya
POLL,Pollux Properties Indonesia Tb,Pemantauan Khusus,Properti & Real Estate
NFCX,NFC Indonesia Tbk.,Pengembangan,Lainnya
MGRO,Mahkota Group Tbk.,Pengembangan,Lainnya
NUSA,Sinergi Megah Internusa Tbk.,Pemantauan Khusus,Lainnya
FILM,MD Entertainment Tbk.,Utama,Media & Hiburan
ANDI,Andira Agro Tbk.,Pemantauan Khusus,Perkebunan & Agrikultur
LAND,Trimitra Propertindo Tbk.,Pengembangan,Properti & Real Estate
MOLI,Madusari Murni Indah Tbk.,Pengembangan,Lainnya
PANI,Pantai Indah Kapuk Dua Tbk.,Utama,Lainnya
DIGI,Arkadia Digital Media Tbk.,Pemantauan Khusus,Media & Hiburan
CITY,Natura City Developments Tbk.,Pengembangan,Properti & Real Estate
SAPX,Satria Antaran Prima Tbk.,Pengembangan,Lainnya
SURE,Super Energy Tbk.,Pengembangan,Energi & Pertambangan
HKMU,HK Metals Utama Tbk.,Pemantauan Khusus,Industri Dasar & Kimia
MPRO,Maha Properti Indonesia Tbk.,Pengembangan,Properti & Real Estate
DUCK,Jaya Bersama Indo Tbk.,Pemantauan Khusus,Lainnya
GOOD,Garudafood Putra Putri Jaya Tb,Utama,Consumer Goods
SKRN,Superkrane Mitra Utama Tbk.,Utama,Lainnya
YELO,Yelooo Integra Datanet Tbk.,Pengembangan,Teknologi
CAKK,Cahayaputra Asa Keramik Tbk.,Pengembangan,Lainnya
SATU,Kota Satu Properti Tbk.,Pengembangan,Properti & Real Estate
SOSS,ALSOK Indonesia Services Tbk.,Pemantauan Khusus,Lainnya
DEAL,Dewata Freightinternational Tb,Pemantauan Khusus,Lainnya
POLA,Pool Advista Finance Tbk.,Pengembangan,Pembiayaan & Sekuritas
DIVA,Distribusi Voucher Nusantara T,Pengembangan,Lainnya
LUCK,Sentral Mitra Informatika Tbk.,Pengembangan,Teknologi
URBN,Urban Jakarta Propertindo Tbk.,Pemantauan Khusus,Properti & Real Estate
SOTS,Satria Mega Kencana Tbk.,Pengembangan,Lainnya
ZONE,Mega Perintis Tbk.,Pengembangan,Lainnya
PEHA,Phapros Tbk.,Pengembangan,Lainnya
FOOD,Sentra Food Indonesia Tbk.,Pemantauan Khusus,Consumer Goods
BEEF,Estika Tata Tiara Tbk.,Pengembangan,Lainnya
POLI,Pollux Hotels Group Tbk.,Pengembangan,Lainnya
CLAY,Citra Putra Realty Tbk.,Pengembangan,Properti & Real Estate
NATO,Olympus Strategic Indonesia Tb,Pengembangan,Lainnya
JAYA,Armada Berjaya Trans Tbk.,Pengembangan,Transportasi & Logistik
COCO,Wahana Interfood Nusantara Tbk,Pengembangan,Consumer Goods
MTPS,Meta Epsi Tbk.,Pemantauan Khusus,Lainnya
CPRI,Capri Nusa Satu Properti Tbk.,Pemantauan Khusus,Properti & Real Estate
HRME,Menteng Heritage Realty Tbk.,Pemantauan Khusus,Properti & Real Estate
POSA,Bliss Properti Indonesia Tbk.,Pemantauan Khusus,Properti & Real Estate
JAST,Jasnita Telekomindo Tbk.,Pengembangan,Lainnya
FITT,Hotel Fitra International Tbk.,Pengembangan,Lainnya
BOLA,Bali Bintang Sejahtera Tbk.,Utama,Lainnya
CCSI,Communication Cable Systems In,Pengembangan,Lainnya
SFAN,Surya Fajar Capital Tbk.,Pengembangan,Pembiayaan & Sekuritas
POLU,Golden Flower Tbk.,Pengembangan,Lainnya
KJEN,Krida Jaringan Nusantara Tbk.,Pengembangan,Lainnya
KAYU,Darmi Bersaudara Tbk.,Pemantauan Khusus,Lainnya
ITIC,Indonesian Tobacco Tbk.,Pengembangan,Consumer Goods
PAMG,Bima Sakti Pertiwi Tbk.,Pengembangan,Lainnya
IPTV,MNC Vision Networks Tbk.,Pemantauan Khusus,Lainnya
BLUE,Berkah Prima Perkasa Tbk.,Pengembangan,Lainnya
ENVY,Envy Technologies Indonesia Tb,Pemantauan Khusus,Teknologi
EAST,Eastparc Hotel Tbk.,Pengembangan,Lainnya
LIFE,MSIG Life Insurance Indonesia,Pengembangan,Asuransi
FUJI,Fuji Finance Indonesia Tbk.,Pengembangan,Pembiayaan & Sekuritas
KOTA,DMS Propertindo Tbk.,Utama,Properti & Real Estate
INOV,Inocycle Technology Group Tbk.,Pengembangan,Teknologi
ARKA,Arkha Jayanti Persada Tbk.,Pemantauan Khusus,Lainnya
SMKL,Satyamitra Kemas Lestari Tbk.,Pengembangan,Lainnya
HDIT,Hensel Davest Indonesia Tbk.,Utama,Lainnya
KEEN,Kencana Energi Lestari Tbk.,Utama,Energi & Pertambangan
BAPI,Bhakti Agung Propertindo Tbk.,Pemantauan Khusus,Properti & Real Estate
TFAS,Telefast Indonesia Tbk.,Pengembangan,Lainnya
GGRP,Gunung Raja Paksi Tbk.,Pengembangan,Lainnya
OPMS,Optima Prima Metal Sinergi Tbk,Pengembangan,Industri Dasar & Kimia
NZIA,Nusantara Almazia Tbk.,Pengembangan,Lainnya
SLIS,Gaya Abadi Sempurna Tbk.,Pengembangan,Lainnya
PURE,Trinitan Metals and Minerals T,Pemantauan Khusus,Energi & Pertambangan
IRRA,Itama Ranoraya Tbk.,Pengembangan,Lainnya
DMMX,Digital Mediatama Maxima Tbk.,Pengembangan,Media & Hiburan
SINI,Singaraja Putra Tbk.,Pemantauan Khusus,Lainnya
WOWS,Ginting Jaya Energi Tbk.,Pengembangan,Energi & Pertambangan
ESIP,Sinergi Inti Plastindo Tbk.,Pengembangan,Lainnya
TEBE,Dana Brata Luhur Tbk.,Utama,Lainnya
KEJU,Mulia Boga Raya Tbk.,Utama,Lainnya
PSGO,Palma Serasih Tbk.,Utama,Perkebunan & Agrikultur
AGAR,Asia Sejahtera Mina Tbk.,Pengembangan,Lainnya
IFSH,Ifishdeco Tbk.,Pemantauan Khusus,Lainnya
REAL,Repower Asia Indonesia Tbk.,Pengembangan,Infrastruktur & Telekomunikasi
IFII,Indonesia Fibreboard Industry,Pengembangan,Lainnya
PMJS,Putra Mandiri Jembar Tbk.,Pengembangan,Lainnya
UCID,Uni-Charm Indonesia Tbk.,Utama,Lainnya
GLVA,Galva Technologies Tbk.,Utama,Teknologi
PGJO,Bahtera Bumi Raya Tbk.,Pemantauan Khusus,Lainnya
AMAR,Bank Amar Indonesia Tbk.,Utama,Perbankan
CSRA,Cisadane Sawit Raya Tbk.,Pengembangan,Perkebunan & Agrikultur
INDO,Royalindo Investa Wijaya Tbk.,Pengembangan,Konstruksi & Bahan Bangunan
AMOR,Ashmore Asset Management Indon,Pengembangan,Lainnya
TRIN,Perintis Triniti Properti Tbk.,Pengembangan,Properti & Real Estate
DMND,Diamond Food Indonesia Tbk.,Utama,Consumer Goods
PURA,Putra Rajawali Kencana Tbk.,Pemantauan Khusus,Lainnya
PTPW,Pratama Widya Tbk.,Pengembangan,Lainnya
TAMA,Lancartama Sejati Tbk.,Pengembangan,Lainnya
IKAN,Era Mandiri Cemerlang Tbk.,Pengembangan,Lainnya
SAMF,Saraswanti Anugerah Makmur Tbk,Utama,Lainnya
SBAT,Sejahtera Bintang Abadi Textil,Pemantauan Khusus,Lainnya
KBAG,Karya Bersama Anugerah Tbk.,Pemantauan Khusus,Konstruksi & Bahan Bangunan
CBMF,Cahaya Bintang Medan Tbk.,Pemantauan Khusus,Lainnya
RONY,Aracord Nusantara Group Tbk.,Pengembangan,Lainnya
CSMI,Cipta Selera Murni Tbk.,Pengembangan,Lainnya
BBSS,Bumi Benowo Sukses Sejahtera T,Pengembangan,Lainnya
BHAT,Bhakti Multi Artha Tbk.,Pengembangan,Lainnya
CASH,Cashlez Worldwide Indonesia Tb,Akselerasi,Lainnya
TECH,Indosterling Technomedia Tbk.,Pemantauan Khusus,Media & Hiburan
EPAC,Megalestari Epack Sentosaraya,Pengembangan,Lainnya
UANG,Pakuan Tbk.,Pengembangan,Lainnya
PGUN,Pradiksi Gunatama Tbk.,Pengembangan,Lainnya
SOFA,Solusi Environment Asia Tbk.,Akselerasi,Lainnya
PPGL,Prima Globalindo Logistik Tbk.,Akselerasi,Transportasi & Logistik
TOYS,Sunindo Adipersada Tbk.,Pemantauan Khusus,Lainnya
SGER,Sumber Global Energy Tbk.,Utama,Energi & Pertambangan
TRJA,Transkon Jaya Tbk.,Pengembangan,Lainnya
PNGO,AEP Pinago Plantations Tbk.,Pemantauan Khusus,Perkebunan & Agrikultur
SCNP,Selaras Citra Nusantara Perkas,Pengembangan,Lainnya
BBSI,Krom Bank Indonesia Tbk.,Utama,Perbankan
KMDS,Kurniamitra Duta Sentosa Tbk.,Pengembangan,Lainnya
PURI,Puri Global Sukses Tbk.,Pengembangan,Lainnya
SOHO,Soho Global Health Tbk.,Pengembangan,Lainnya
HOMI,Grand House Mulia Tbk.,Pengembangan,Lainnya
ROCK,Rockfields Properti Indonesia,Pengembangan,Properti & Real Estate
ENZO,Morenzo Abadi Perkasa Tbk.,Pengembangan,Lainnya
PLAN,Planet Properindo Jaya Tbk.,Akselerasi,Lainnya
PTDU,Djasa Ubersakti Tbk.,Pemantauan Khusus,Lainnya
ATAP,Trimitra Prawara Goldland Tbk.,Pengembangan,Properti & Real Estate
VICI,Victoria Care Indonesia Tbk.,Utama,Lainnya
PMMP,Panca Mitra Multiperdana Tbk.,Pemantauan Khusus,Lainnya
BANK,Bank Aladin Syariah Tbk.,Pengembangan,Perbankan
WMUU,Widodo Makmur Unggas Tbk.,Pengembangan,Energi & Pertambangan
EDGE,Indointernet Tbk.,Pengembangan,Lainnya
UNIQ,Ulima Nitra Tbk.,Pengembangan,Lainnya
BEBS,Berkah Beton Sadaya Tbk.,Pemantauan Khusus,Konstruksi & Bahan Bangunan
SNLK,Sunter Lakeside Hotel Tbk.,Pengembangan,Lainnya
ZYRX,Zyrexindo Mandiri Buana Tbk.,Pengembangan,Lainnya
LFLO,Imago Mulia Persada Tbk.,Akselerasi,Lainnya
FIMP,Fimperkasa Utama Tbk.,Pemantauan Khusus,Lainnya
TAPG,Triputra Agro Persada Tbk.,Utama,Perkebunan & Agrikultur
NPGF,Nusa Palapa Gemilang Tbk.,Pengembangan,Lainnya
LUCY,Lima Dua Lima Tiga Tbk.,Akselerasi,Lainnya
ADCP,Adhi Commuter Properti Tbk.,Pengembangan,Properti & Real Estate
HOPE,Harapan Duta Pertiwi Tbk.,Pengembangan,Lainnya
MGLV,NexAI Digital Infrastruktur Tb,Akselerasi,Infrastruktur & Telekomunikasi
TRUE,Triniti Dinamik Tbk.,Pengembangan,Lainnya
LABA,Green Power Group Tbk.,Pengembangan,Infrastruktur & Telekomunikasi
ARCI,Archi Indonesia Tbk.,Pengembangan,Lainnya
IPAC,Era Graharealty Tbk.,Akselerasi,Properti & Real Estate
MASB,Bank Multiarta Sentosa Tbk.,Utama,Perbankan
BMHS,Bundamedik Tbk.,Utama,Lainnya
FLMC,Falmaco Nonwoven Industri Tbk.,Akselerasi,Lainnya
NICL,PAM Mineral Tbk.,Pengembangan,Lainnya
UVCR,Trimegah Karya Pratama Tbk.,Pengembangan,Konstruksi & Bahan Bangunan
BUKA,Bukalapak.com Tbk.,Ekonomi Baru,Lainnya
HAIS,Hasnur Internasional Shipping,Pengembangan,Transportasi & Logistik
OILS,Indo Oil Perkasa Tbk.,Pengembangan,Energi & Pertambangan
GPSO,Geoprima Solusi Tbk.,Pengembangan,Lainnya
MCOL,Prima Andalan Mandiri Tbk.,Utama,Lainnya
RSGK,Kedoya Adyaraya Tbk.,Pengembangan,Lainnya
RUNS,Global Sukses Solusi Tbk.,Akselerasi,Lainnya
SBMA,Surya Biru Murni Acetylene Tbk,Pengembangan,Lainnya
CMNT,Cemindo Gemilang Tbk.,Pengembangan,Lainnya
GTSI,GTS Internasional Tbk.,Pengembangan,Lainnya
IDEA,Idea Indonesia Akademi Tbk.,Akselerasi,Lainnya
KUAS,Ace Oldfields Tbk.,Pengembangan,Lainnya
BOBA,Formosa Ingredient Factory Tbk,Pengembangan,Lainnya
MTEL,Dayamitra Telekomunikasi Tbk.,Utama,Infrastruktur & Telekomunikasi
DEPO,Caturkarda Depo Bangunan Tbk.,Pengembangan,Konstruksi & Bahan Bangunan
BINO,Perma Plasindo Tbk.,Pengembangan,Lainnya
CMRY,Cisarua Mountain Dairy Tbk.,Utama,Lainnya
WGSH,Wira Global Solusi Tbk.,Akselerasi,Lainnya
TAYS,Jaya Swarasa Agung Tbk.,Pengembangan,Lainnya
ADMR,Alamtri Minerals Indonesia Tbk,Utama,Energi & Pertambangan
SEMA,Semacom Integrated Tbk.,Pengembangan,Lainnya
ASLC,Autopedia Sukses Lestari Tbk.,Pengembangan,Otomotif
NETV,MDTV Media Technologies Tbk.,Pengembangan,Media & Hiburan
BAUT,Mitra Angkasa Sejahtera Tbk.,Pemantauan Khusus,Lainnya
ENAK,Champ Resto Indonesia Tbk.,Pengembangan,Lainnya
NTBK,Nusatama Berkah Tbk.,Pengembangan,Lainnya
SMKM,Sumber Mas Konstruksi Tbk.,Akselerasi,Konstruksi & Bahan Bangunan
STAA,Sumber Tani Agung Resources Tb,Utama,Energi & Pertambangan
NANO,Nanotech Indonesia Global Tbk.,Akselerasi,Teknologi
BIKE,Bhineka Inovasi Ketahanan Ener,Pengembangan,Lainnya
WIRG,WIR ASIA Tbk.,Pengembangan,Lainnya
SICO,Sigma Energy Compressindo Tbk.,Pengembangan,Energi & Pertambangan
GOTO,GoTo Gojek Tokopedia Tbk.,Pengembangan,Lainnya
TLDN,Teladan Prima Agro Tbk.,Utama,Perkebunan & Agrikultur
MTMH,Murni Sadar Tbk.,Utama,Lainnya
WINR,Winner Nusantara Jaya Tbk.,Pemantauan Khusus,Lainnya
IBOS,Indo Boga Sukses Tbk.,Akselerasi,Lainnya
OLIV,Atlas Nexus Group Tbk.,Akselerasi,Lainnya
ASHA,Cilacap Samudera Fishing Indus,Pengembangan,Lainnya
SWID,Saraswanti Indoland Developmen,Pengembangan,Properti & Real Estate
TRGU,Cerestar Indonesia Tbk.,Utama,Lainnya
ARKO,Arkora Hydro Tbk.,Pengembangan,Lainnya
CHEM,Chemstar Indonesia Tbk.,Pengembangan,Lainnya
DEWI,Dewi Shri Farmindo Tbk.,Pengembangan,Lainnya
AXIO,Tera Data Indonusa Tbk.,Pengembangan,Teknologi
KRYA,Bangun Karya Perkasa Jaya Tbk.,Pengembangan,Konstruksi & Bahan Bangunan
HATM,Habco Trans Maritima Tbk.,Utama,Lainnya
RCCC,Utama Radar Cahaya Tbk.,Akselerasi,Lainnya
GULA,Aman Agrindo Tbk.,Pengembangan,Perkebunan & Agrikultur
JARR,Jhonlin Agro Raya Tbk.,Utama,Perkebunan & Agrikultur
AMMS,Agung Menjangan Mas Tbk.,Akselerasi,Lainnya
RAFI,Sari Kreasi Boga Tbk.,Pemantauan Khusus,Lainnya
KKES,Kusuma Kemindo Sentosa Tbk.,Pemantauan Khusus,Lainnya
ELPI,Pelayaran Nasional Ekalya Purn,Utama,Transportasi & Logistik
EURO,Estee Gold Feet Tbk.,Akselerasi,Lainnya
KLIN,Klinko Karya Imaji Tbk.,Akselerasi,Konstruksi & Bahan Bangunan
TOOL,Rohartindo Nusantara Luas Tbk.,Pengembangan,Lainnya
BUAH,Segar Kumala Indonesia Tbk.,Pengembangan,Lainnya
CRAB,Toba Surimi Industries Tbk.,Pengembangan,Lainnya
MEDS,Hetzer Medical Indonesia Tbk.,Pengembangan,Lainnya
COAL,Black Diamond Resources Tbk.,Pengembangan,Energi & Pertambangan
PRAY,Famon Awal Bros Sedaya Tbk.,Utama,Lainnya
CBUT,Citra Borneo Utama Tbk.,Utama,Lainnya
BELI,Global Digital Niaga Tbk.,Pengembangan,Teknologi
MKTR,Menthobi Karyatama Raya Tbk.,Utama,Konstruksi & Bahan Bangunan
OMED,Jayamas Medica Industri Tbk.,Utama,Lainnya
BSBK,Wulandari Bangun Laksana Tbk.,Pengembangan,Properti & Real Estate
PDPP,Primadaya Plastisindo Tbk.,Pengembangan,Lainnya
KDTN,Puri Sentul Permai Tbk.,Pengembangan,Properti & Real Estate
ZATA,Bersama Zatta Jaya Tbk.,Pengembangan,Lainnya
NINE,Techno9 Indonesia Tbk.,Akselerasi,Lainnya
MMIX,Multi Medika Internasional Tbk,Pengembangan,Farmasi & Kesehatan
PADA,Personel Alih Daya Tbk.,Pengembangan,Lainnya
ISAP,Isra Presisi Indonesia Tbk.,Akselerasi,Lainnya
VTNY,Venteny Fortuna International,Pengembangan,Lainnya
SOUL,Mitra Tirta Buwana Tbk.,Akselerasi,Lainnya
ELIT,Data Sinergitama Jaya Tbk.,Pengembangan,Teknologi
BEER,Jobubu Jarum Minahasa Tbk.,Pengembangan,Lainnya
CBPE,Citra Buana Prasida Tbk.,Pengembangan,Lainnya
SUNI,Sunindo Pratama Tbk.,Utama,Lainnya
CBRE,Cakra Buana Resources Energi T,Pengembangan,Energi & Pertambangan
WINE,Hatten Bali Tbk.,Pengembangan,Lainnya
BMBL,Lavender Bina Cendikia Tbk.,Akselerasi,Lainnya
PEVE,Penta Valent Tbk.,Pengembangan,Lainnya
LAJU,Jasa Berdikari Logistics Tbk.,Pengembangan,Transportasi & Logistik
FWCT,Wijaya Cahaya Timber Tbk.,Pengembangan,Konstruksi & Bahan Bangunan
NAYZ,Hassana Boga Sejahtera Tbk.,Akselerasi,Lainnya
IRSX,Folago Global Nusantara Tbk.,Pengembangan,Lainnya
PACK,Abadi Nusantara Hijau Investam,Akselerasi,Lainnya
VAST,Vastland Indonesia Tbk.,Pengembangan,Properti & Real Estate
CHIP,Pelita Teknologi Global Tbk.,Akselerasi,Teknologi
HALO,Haloni Jane Tbk.,Pengembangan,Lainnya
KING,Hoffmen Cleanindo Tbk.,Akselerasi,Lainnya
PGEO,Pertamina Geothermal Energy Tb,Utama,Energi & Pertambangan
FUTR,Futura Energi Global Tbk.,Pengembangan,Energi & Pertambangan
HILL,Hillcon Tbk.,Pemantauan Khusus,Lainnya
BDKR,Berdikari Pondasi Perkasa Tbk.,Utama,Lainnya
PTMP,Mitra Pack Tbk.,Pengembangan,Lainnya
SAGE,Saptausaha Gemilangindah Tbk.,Pemantauan Khusus,Lainnya
TRON,Teknologi Karya Digital Nusa T,Pengembangan,Konstruksi & Bahan Bangunan
CUAN,Petrindo Jaya Kreasi Tbk.,Utama,Lainnya
NSSS,Nusantara Sawit Sejahtera Tbk.,Pengembangan,Perkebunan & Agrikultur
GTRA,Grahaprima Suksesmandiri Tbk.,Pengembangan,Properti & Real Estate
HAJJ,Arsy Buana Travelindo Tbk.,Akselerasi,Lainnya
JATI,Informasi Teknologi Indonesia,Pengembangan,Teknologi
TYRE,King Tire Indonesia Tbk.,Pengembangan,Lainnya
MPXL,MPX Logistics International Tb,Pengembangan,Transportasi & Logistik
SMIL,Sarana Mitra Luas Tbk.,Utama,Lainnya
KLAS,Pelayaran Kurnia Lautan Semest,Pengembangan,Transportasi & Logistik
MAXI,Maxindo Karya Anugerah Tbk.,Pengembangan,Konstruksi & Bahan Bangunan
VKTR,VKTR Teknologi Mobilitas Tbk.,Pengembangan,Teknologi
RELF,Graha Mitra Asia Tbk.,Akselerasi,Properti & Real Estate
AMMN,Amman Mineral Internasional Tb,Utama,Lainnya
CRSN,Carsurin Tbk.,Pengembangan,Lainnya
GRPM,Graha Prima Mentari Tbk.,Akselerasi,Properti & Real Estate
WIDI,Widiant Jaya Krenindo Tbk.,Akselerasi,Lainnya
TGUK,Platinum Wahab Nusantara Tbk.,Pemantauan Khusus,Lainnya
INET,Sinergi Inti Andalan Prima Tbk,Pengembangan,Lainnya
MAHA,Mandiri Herindo Adiperkasa Tbk,Utama,Lainnya
RMKO,Royaltama Mulia Kontraktorindo,Pengembangan,Lainnya
CNMA,Nusantara Sejahtera Raya Tbk.,Pengembangan,Lainnya
FOLK,Multi Garam Utama Tbk.,Pengembangan,Lainnya
HBAT,Minahasa Membangun Hebat Tbk.,Akselerasi,Konstruksi & Bahan Bangunan
GRIA,Ingria Pratama Capitalindo Tbk,Pengembangan,Pembiayaan & Sekuritas
PPRI,Paperocks Indonesia Tbk.,Pengembangan,Industri Dasar & Kimia
ERAL,Sinar Eka Selaras Tbk.,Utama,Lainnya
CYBR,ITSEC Asia Tbk.,Pengembangan,Lainnya
MUTU,Mutuagung Lestari Tbk.,Pengembangan,Lainnya
LMAX,Lupromax Pelumas Indonesia Tbk,Akselerasi,Lainnya
HUMI,Humpuss Maritim Internasional,Pengembangan,Lainnya
MSIE,Multisarana Intan Eduka Tbk.,Akselerasi,Lainnya
RSCH,Charlie Hospital Semarang Tbk.,Pengembangan,Farmasi & Kesehatan
BABY,Multitrend Indo Tbk.,Pengembangan,Lainnya
AEGS,Anugerah Spareparts Sejahtera,Akselerasi,Lainnya
IOTF,Sumber Sinergi Makmur Tbk.,Pengembangan,Lainnya
KOCI,Kokoh Exa Nusantara Tbk.,Pengembangan,Lainnya
PTPS,Pulau Subur Tbk.,Pengembangan,Lainnya
BREN,Barito Renewables Energy Tbk.,Utama,Energi & Pertambangan
STRK,Lovina Beach Brewery Tbk.,Pengembangan,Lainnya
KOKA,Koka Indonesia Tbk.,Pengembangan,Lainnya
LOPI,Logisticsplus International Tb,Akselerasi,Transportasi & Logistik
UDNG,Agro Bahari Nusantara Tbk.,Akselerasi,Perkebunan & Agrikultur
RGAS,Kian Santang Muliatama Tbk.,Pemantauan Khusus,Lainnya
MSTI,Mastersystem Infotama Tbk.,Utama,Lainnya
IKPM,Ikapharmindo Putramas Tbk.,Pengembangan,Lainnya
AYAM,Janu Putra Sejahtera Tbk.,Pengembangan,Lainnya
SURI,Maja Agung Latexindo Tbk.,Pengembangan,Lainnya
ASLI,Asri Karya Lestari Tbk.,Pengembangan,Konstruksi & Bahan Bangunan
GRPH,Griptha Putra Persada Tbk.,Pengembangan,Lainnya
SMGA,Sumber Mineral Global Abadi Tb,Pengembangan,Lainnya
UNTD,Terang Dunia Internusa Tbk.,Pengembangan,Lainnya
TOSK,Topindo Solusi Komunika Tbk.,Pengembangan,Lainnya
MPIX,Mitra Pedagang Indonesia Tbk.,Pengembangan,Lainnya
ALII,Ancara Logistics Indonesia Tbk,Utama,Transportasi & Logistik
MKAP,Multikarya Asia Pasifik Raya T,Pengembangan,Konstruksi & Bahan Bangunan
MEJA,Harta Djaya Karya Tbk.,Akselerasi,Konstruksi & Bahan Bangunan
LIVE,Homeco Victoria Makmur Tbk.,Pengembangan,Lainnya
HYGN,Ecocare Indo Pasifik Tbk.,Pengembangan,Lainnya
BAIK,Bersama Mencapai Puncak Tbk.,Pengembangan,Lainnya
VISI,Satu Visi Putra Tbk.,Pengembangan,Lainnya
AREA,Dunia Virtual Online Tbk.,Pengembangan,Lainnya
MHKI,Multi Hanna Kreasindo Tbk.,Pengembangan,Lainnya
ATLA,Atlantis Subsea Indonesia Tbk.,Pengembangan,Lainnya
DATA,Remala Abadi Tbk.,Pengembangan,Lainnya
SOLA,Xolare RCR Energy Tbk.,Pengembangan,Energi & Pertambangan
BATR,Benteng Api Technic Tbk.,Pengembangan,Lainnya
SPRE,Soraya Berjaya Indonesia Tbk.,Akselerasi,Lainnya
PART,Cipta Perdana Lancar Tbk.,Pengembangan,Lainnya
GOLF,Intra Golflink Resorts Tbk.,Utama,Lainnya
ISEA,Indo American Seafoods Tbk.,Pengembangan,Consumer Goods
BLES,Superior Prima Sukses Tbk.,Pengembangan,Lainnya
GUNA,Gunanusa Eramandiri Tbk.,Pengembangan,Lainnya
LABS,UBC Medical Indonesia Tbk.,Pengembangan,Lainnya
DOSS,Global Sukses Digital Tbk.,Pengembangan,Teknologi
NEST,Esta Indonesia Tbk.,Pengembangan,Lainnya
PTMR,Master Print Tbk.,Pemantauan Khusus,Lainnya
VERN,Verona Indah Pictures Tbk.,Pengembangan,Lainnya
DAAZ,Daaz Bara Lestari Tbk.,Utama,Energi & Pertambangan
BOAT,Newport Marine Services Tbk.,Pengembangan,Lainnya
NAIK,Adiwarna Anugerah Abadi Tbk.,Pengembangan,Lainnya
AADI,Adaro Andalan Indonesia Tbk.,Utama,Energi & Pertambangan
MDIY,Daya Intiguna Yasa Tbk.,Utama,Lainnya
KSIX,Kentanix Supra International T,Pengembangan,Lainnya
RATU,Raharja Energi Cepu Tbk.,Pengembangan,Energi & Pertambangan
YOII,Asuransi Digital Bersama Tbk.,Pengembangan,Asuransi
HGII,Hero Global Investment Tbk.,Pengembangan,Lainnya
BRRC,Raja Roti Cemerlang Tbk.,Pengembangan,Lainnya
DGWG,Delta Giri Wacana Tbk.,Utama,Lainnya
CBDK,Bangun Kosambi Sukses Tbk.,Utama,Konstruksi & Bahan Bangunan
OBAT,Brigit Biofarmaka Teknologi Tb,Pengembangan,Farmasi & Kesehatan
MINE,Sinar Terang Mandiri Tbk.,Pengembangan,Lainnya
ASPR,Asia Pramulia Tbk.,Pengembangan,Lainnya
PSAT,Pancaran Samudera Transport Tb,Pengembangan,Lainnya
COIN,Indokripto Koin Semesta Tbk.,Pengembangan,Lainnya
CDIA,Chandra Daya Investasi Tbk.,Pengembangan,Lainnya
BLOG,Trimitra Trans Persada Tbk.,Utama,Lainnya
MERI,Merry Riana Edukasi Tbk.,Pengembangan,Lainnya
KAQI,Jantra Grupo Indonesia Tbk.,Pengembangan,Lainnya
YUPI,Yupi Indo Jelly Gum Tbk.,Utama,Lainnya
FORE,Fore Kopi Indonesia Tbk.,Pengembangan,Lainnya
MDLA,Medela Potentia Tbk.,Utama,Lainnya
DKHH,Cipta Sarana Medika Tbk.,Pengembangan,Farmasi & Kesehatan
AYLS,Arkayana Lestari Grup Tbk.,Pengembangan,Lainnya
DADA,Diamond Citra Propertindo Tbk.,Pengembangan,Properti & Real Estate
ASPI,Andalan Sakti Primaindo Tbk.,Pengembangan,Lainnya
ESTA,Esta Multi Usaha Tbk.,Pengembangan,Lainnya
BESS,Batulicin Nusantara Maritim Tb,Pengembangan,Lainnya
AMAN,Makmur Berkah Amanda Tbk.,Pengembangan,Lainnya
CARE,Metro Healthcare Indonesia Tbk,Pengembangan,Farmasi & Kesehatan
PIPA,Oxala Energy International Tbk,Pengembangan,Energi & Pertambangan
NCKL,Trimegah Bangun Persada Tbk.,Pengembangan,Konstruksi & Bahan Bangunan
MENN,Menn Teknologi Indonesia Tbk.,Pemantauan Khusus,Teknologi
AWAN,Era Digital Media Tbk.,Pengembangan,Media & Hiburan
MBMA,Merdeka Battery Materials Tbk.,Utama,Lainnya
RAAM,Tripar Multivision Plus Tbk.,Utama,Lainnya
DOOH,Era Media Sejahtera Tbk.,Pengembangan,Media & Hiburan
CGAS,Citra Nusantara Gemilang Tbk.,Pengembangan,Lainnya
NICE,Adhi Kartiko Pratama Tbk.,Pengembangan,Lainnya
MSJA,Multi Spunindo Jaya Tbk.,Pengembangan,Lainnya
SMLE,Sinergi Multi Lestarindo Tbk.,Pengembangan,Lainnya
ACRO,Samcro Hyosung Adilestari Tbk.,Pengembangan,Lainnya
MANG,Manggung Polahraya Tbk.,Akselerasi,Lainnya
WIFI,Solusi Sinergi Digital Tbk.,Pengembangan,Teknologi
FAPA,FAP Agri Tbk.,Pengembangan,Perkebunan & Agrikultur
DCII,DCI Indonesia Tbk.,Pengembangan,Lainnya
KETR,Ketrosden Triasmitra Tbk.,Pengembangan,Lainnya
DGNS,Diagnos Laboratorium Utama Tbk,Pengembangan,Lainnya
UFOE,Damai Sejahtera Abadi Tbk.,Pengembangan,Lainnya
CHEK,Diastika Biotekindo Tbk.,Pengembangan,Lainnya
PMUI,Prima Multi Usaha Indonesia Tb,Pengembangan,Lainnya
EMAS,Merdeka Gold Resources Tbk.,Pengembangan,Energi & Pertambangan
PJHB,Pelayaran Jaya Hidup Baru Tbk.,Pengembangan,Transportasi & Logistik
RLCO,Abadi Lestari Indonesia Tbk.,Pengembangan,Lainnya
SUPA,Super Bank Indonesia Tbk.,Pengembangan,Perbankan
WBSA,BSA Logistics Indonesia Tbk.,Pengembangan,Transportasi & Logistik
JECX,Nitrasanata Dharma Tbk.,Utama,Lainnya
JELI,Niramas Utama Tbk.,Pengembangan,Lainnya
EMMI,Esa Medika Mandiri Tbk.,Pengembangan,Farmasi & Kesehatan
BACH,Bach Multi Global Tbk.,Utama,Lainnya
PRDL,Prodia Diagnostic Line Tbk.,Pengembangan,Lainnya
RANS,Rans Entertainmen Indonesia Tb,Pengembangan,Lainnya
WMPP,Widodo Makmur Perkasa Tbk.,Pemantauan Khusus,Lainnya
RMKE,RMK Energy Tbk.,Utama,Energi & Pertambangan
OBMD,OBM Drilchem Tbk.,Pengembangan,Lainnya
AVIA,Avia Avian Tbk.,Utama,Lainnya
IPPE,Indo Pureco Pratama Tbk.,Pemantauan Khusus,Lainnya
NASI,Wahana Inti Makmur Tbk.,Pengembangan,Lainnya
BSML,Bintang Samudera Mandiri Lines,Pengembangan,Lainnya
DRMA,Dharma Polimetal Tbk.,Utama,Industri Dasar & Kimia
ADMF,Adira Dinamika Multi Finance T,Pengembangan,Pembiayaan & Sekuritas
ADMG,Polychem Indonesia Tbk,Pengembangan,Lainnya
ADRO,Alamtri Resources Indonesia Tb,Utama,Energi & Pertambangan
AGII,Samator Indo Gas Tbk.,Pengembangan,Energi & Pertambangan
AGRO,Bank Raya Indonesia Tbk.,Utama,Perbankan
AGRS,Bank IBK Indonesia Tbk.,Pengembangan,Perbankan
AHAP,Asuransi Harta Aman Pratama Tb,Pengembangan,Asuransi
AIMS,Artha Mahiya Investama Tbk.,Pengembangan,Lainnya
PNSE,Pudjiadi & Sons Tbk.,Pengembangan,Lainnya
POLY,Asia Pacific Fibers Tbk,Pemantauan Khusus,Lainnya
POOL,Pool Advista Indonesia Tbk.,Pemantauan Khusus,Lainnya
PPRO,PP Properti Tbk.,Pemantauan Khusus,Properti & Real Estate
